Workbook
Name Fuel_Burn_Arm: YPB!$M$19:$M$20
Name Fuel_Burn_Arm: KXW!$M$18:$M$19
Name Fuel_Burn_KG: YPB!$K$19:$K$20
Name Fuel_Burn_KG: KXW!$K$18:$K$19
Name Loading_Data_Arm: YPB!$M$9:$M$16
Name Loading_Data_Arm: KXW!$M$9:$M$15
Name Loading_Data_KG: YPB!$K$9:$K$16
Name Loading_Data_KG: KXW!$K$9:$K$15

Sheet KXW
A1: Electronic Loading System
A3: Aircraft Type: | B3: Cessna 172S
A4: Registration: | B4: VH-KXW | F4: Disclaimer: This spreadsheet is provided only as an aid to pre-flight planning. Curtin Flying Club Inc does not accept any liabiilty for the accuracy of this spreadsheet. It is the pilot in command's responsibility to independently verify all results calculated here.
A5: Serial No.: | B5: 172S10679
A6: Configuration: | B6: Standard 4 Seat
B8: Weight (kg) | C8: Arm (mm) | D8: Moment (kg.mm)
A9: Empty Weight | B9: 791.9 | C9: 1057 | D9: =$B9*$C9 -> 837038.3
A10: Pilot | B10: 100 | C10: =37*25.4 -> 939.8 | D10: =IF(ISNUMBER($B10),$B10*$C10,0) -> 93980
A11: Front Passenger | B11: 100 | C11: =37*25.4 -> 939.8 | D11: =IF(ISNUMBER($B11),$B11*$C11,0) -> 93980
A12: Rear passenger | B12: 40 | C12: =73*25.4 -> 1854.2 | D12: =IF(ISNUMBER($B12),$B12*$C12,0) -> 74168
A13: Rear passenger | C13: =73*25.4 -> 1854.2 | D13: =IF(ISNUMBER($B13),$B13*$C13,0) -> 0
A14: Baggage Area A | C14: =95*25.4 -> 2413 | D14: =IF(ISNUMBER($B14),$B14*$C14,0) -> 0
A15: Baggage Area B | C15: =123*25.4 -> 3124.2 | D15: =IF(ISNUMBER($B15),$B15*$C15,0) -> 0 | G15: Enter Gals OR Litres OR kg only
G17: US Gals | H17: Litres | I17: kg
A18: Nil Fuel Weight | B18: =SUM(B9:B15) -> 1031.9 | C18: =$D$18/$B$18 -> 1065.1868 | D18: =SUM(D9:D15) -> 1099166.3 | E18: Max fuel capacity: | G18: 53 | H18: =ROUND($G18*3.78541,0) -> 201 | I18: =ROUND($G18*3.78541*$G$23,0) -> 142
A19: Fuel | B19: =$I$21 -> 124 | C19: =48*25.4 -> 1219.2 | D19: =$B19*$C19 -> 151180.8 | E19: Fuel load available: | G19: =IF(($G$24-$B$18)>$I$18,$G$18,ROUND(($G$24-$B$18)/$G$23/3.78541,1)) -> 46.2 | H19: =IF(($G$24-$B$18)>$I$18,$H$18,ROUND(($G$24-$B$18)/$G$23,0)) -> 175 | I19: =IF(($G$24-$B$18)>$I$18,$I$18,ROUND($G$24-$B$18,0)) -> 124
A20: TOW | B20: =SUM(B18:B19) -> 1155.9 | C20: =$D$20/$B$20 -> 1081.7087 | D20: =SUM(D18:D19) -> 1250347.1 | E20: Enter fuel amount here: | G20: 46
A21: =CONCATENATE("(max ",$G$24," kg)") -> (max 1156 kg) | B21: * Only blue cells can be altered. | E21: Fuel amount selected: | G21: =IF(OR(AND(ISNUMBER($G$20),ISNUMBER($H$20)),AND(ISNUMBER($G$20),ISNUMBER($I$20)),AND(ISNUMBER($H$20),ISNUMBER($I$20))),"Error",IF(ISNUMBER($G$20),$G$20,IF(ISNUMBER($H$20),ROUND($H$20/3.78541,1),ROUND($I$20/$G$23/3.78541,1)))) -> 46 | H21: =IF(OR(AND(ISNUMBER($G$20),ISNUMBER($H$20)),AND(ISNUMBER($G$20),ISNUMBER($I$20)),AND(ISNUMBER($H$20),ISNUMBER($I$20))),"Error",IF(ISNUMBER($H$20),$H$20,IF(ISNUMBER($G$20),ROUND($G$20*3.78541,0),ROUND($I$20/$G$23,0)))) -> 174 | I21: =IF(OR(AND(ISNUMBER($G$20),ISNUMBER($H$20)),AND(ISNUMBER($G$20),ISNUMBER($I$20)),AND(ISNUMBER($H$20),ISNUMBER($I$20))),"Error",IF(ISNUMBER($I$20),$I$20,IF(ISNUMBER($G$20),ROUND($G$20*3.78541*$G$23,0),ROUND($H$20*$G$23,0)))) -> 124
B22: Enter weights and fuel in outlined sections.
E23: Fuel specific gravity (kg/l) | G23: 0.71
E24: Max TOW | G24: 1156
A52: Notes:
A53: (1) Fuel burn must remain within the envelope at all times.
A54: =CONCATENATE("(2) Maximum takeoff weight is ",$G$24," kg.") -> (2) Maximum takeoff weight is 1156 kg.
A55: (3) Datum is firewall, front face, lower portion.
A56: (4) Unusable fuel and full engine oil is accounted for in Empty Weight.
A57: (5) Due aft centre of gravity this aircraft cannot be used in the utility category.
A58: (6) Maximum combined baggage in Areas A and B is 54.4kg unless there are 4 occupants in which case it is reduced to 12.7kg.
A59: (7) Maximum landing weight is the same as MTOW.
A60: (8) Tabs is 35 US Gals (approx 132L).
A61: Sheet is protected but there is no password required.

Sheet KXW_Parms
A6: Loading Data
A7: =KXW!$B$9 -> 791.9 | B7: =KXW!$D$9 -> 837038.3 | C7: =B7/A7 -> 1057
A8: =A7+ KXW!$B10 -> 891.9 | B8: =B7+KXW!D10 -> 931018.3 | C8: =B8/A8 -> 1043.8595
A9: =A8+ KXW!$B11 -> 991.9 | B9: =B8+KXW!D11 -> 1024998.3 | C9: =B9/A9 -> 1033.3686
A10: =A9+ KXW!$B12 -> 1031.9 | B10: =B9+KXW!D12 -> 1099166.3 | C10: =B10/A10 -> 1065.1868
A11: =A10+ KXW!$B13 -> 1031.9 | B11: =B10+KXW!D13 -> 1099166.3 | C11: =B11/A11 -> 1065.1868
A12: =A11+ KXW!$B14 -> 1031.9 | B12: =B11+KXW!D14 -> 1099166.3 | C12: =B12/A12 -> 1065.1868
A13: =A12+ KXW!$B15 -> 1031.9 | B13: =B12+KXW!D15 -> 1099166.3 | C13: =B13/A13 -> 1065.1868
A15: Fuel Burn
A16: =KXW!$B$18 -> 1031.9 | B16: =KXW!$D$18 -> 1099166.3 | C16: =B16/A16 -> 1065.1868
A17: =KXW!$B$20 -> 1155.9 | B17: =KXW!$D$20 -> 1250347.1 | C17: =B17/A17 -> 1081.7087
A19: Envelope Data
A20: =KXW!$B$9 -> 791.9 | B20: 887.5
A21: 885 | B21: 887.5
A22: 1156 | B22: 1040
A23: 1156 | B23: 1200
A24: =KXW!$B$9 -> 791.9 | B24: 1200
A25: =KXW!$B$9 -> 791.9 | B25: 887.5

Sheet YPB
A1: Electronic Loading System
A3: Aircraft Type: | B3: Cessna 182T
A4: Registration: | B4: VH-YPB | F4: Disclaimer: This spreadsheet is provided only as an aid to pre-flight planning. Curtin Flying Club Inc does not accept any liabiilty for the accuracy of this spreadsheet. It is the pilot in command's responsibility to independently verify all results calculated here.
A5: Serial No.: | B5: 18281728
A6: Configuration: | B6: Standard 4 Seat
B8: Weight (kg) | C8: Arm (mm) | D8: Moment (kg.mm)
A9: Empty Weight | B9: 910 | C9: 975 | D9: =$B9*$C9 -> 887250
A10: Pilot | B10: 88 | C10: =37*25.4 -> 939.8 | D10: =IF(ISNUMBER($B10),$B10*$C10,0) -> 82702.4
A11: Front Passenger | B11: 88 | C11: =37*25.4 -> 939.8 | D11: =IF(ISNUMBER($B11),$B11*$C11,0) -> 82702.4
A12: Rear passenger | B12: 87 | C12: 1880 | D12: =IF(ISNUMBER($B12),$B12*$C12,0) -> 163560
A13: Rear passenger | B13: 56 | C13: 1880 | D13: =IF(ISNUMBER($B13),$B13*$C13,0) -> 105280
A14: Baggage Area A | B14: 34 | C14: 2464 | D14: =IF(ISNUMBER($B14),$B14*$C14,0) -> 83776
A15: Baggage Area B | B15: 12 | C15: 2946 | D15: =IF(ISNUMBER($B15),$B15*$C15,0) -> 35352
A16: Baggage Area C | B16: 3 | C16: 3277 | D16: =IF(ISNUMBER($B16),$B16*$C16,0) -> 9831 | G16: Enter Gals OR Litres OR kg only
G18: US Gals | H18: Litres | I18: kg
A19: Nil Fuel Weight | B19: =SUM(B9:B16) -> 1278 | C19: =$D$19/$B$19 -> 1134.9404 | D19: =SUM(D9:D16) -> 1450453.8 | E19: Max fuel capacity: | G19: 87 | H19: =ROUND($G19*3.78541,0) -> 329 | I19: =ROUND($G19*3.78541*$G$26,0) -> 234
A20: Fuel | B20: =$I$22 -> 97 | C20: =48*25.4 -> 1219.2 | D20: =$B20*$C20 -> 118262.4 | E20: Fuel load available: | G20: =IF(($G$27-$B$19)>$I$19,$G$19,ROUND(($G$27-$B$19)/$G$26/3.78541,1)) -> 47.6 | H20: =IF(($G$27-$B$19)>$I$19,$H$19,ROUND(($G$27-$B$19)/$G$26,0)) -> 180 | I20: =IF(($G$27-$B$19)>$I$19,$I$19,ROUND($G$27-$B$19,0)) -> 128
A21: TOW | B21: =SUM(B19:B20) -> 1375 | C21: =$D$21/$B$21 -> 1140.8845 | D21: =SUM(D19:D20) -> 1568716.2 | E21: Enter fuel departure amount here: | G21: 36
A22: =CONCATENATE("(max ",$G$27," kg)") -> (max 1406 kg) | B22: * Only blue cells can be altered. | E22: Fuel amount selected: | G22: =IF(OR(AND(ISNUMBER($G$21),ISNUMBER($H$21)),AND(ISNUMBER($G$21),ISNUMBER($I$21)),AND(ISNUMBER($H$21),ISNUMBER($I$21))),"Error",IF(ISNUMBER($G$21),$G$21,IF(ISNUMBER($H$21),ROUND($H$21/3.78541,1),ROUND($I$21/$G$26/3.78541,1)))) -> 36 | H22: =IF(OR(AND(ISNUMBER($G$21),ISNUMBER($H$21)),AND(ISNUMBER($G$21),ISNUMBER($I$21)),AND(ISNUMBER($H$21),ISNUMBER($I$21))),"Error",IF(ISNUMBER($H$21),$H$21,IF(ISNUMBER($G$21),ROUND($G$21*3.78541,0),ROUND($I$21/$G$26,0)))) -> 136 | I22: =IF(OR(AND(ISNUMBER($G$21),ISNUMBER($H$21)),AND(ISNUMBER($G$21),ISNUMBER($I$21)),AND(ISNUMBER($H$21),ISNUMBER($I$21))),"Error",IF(ISNUMBER($I$21),$I$21,IF(ISNUMBER($G$21),ROUND($G$21*3.78541*$G$26,0),ROUND($H$21*$G$26,0)))) -> 97
B23: Enter weights and fuel in outlined sections. | E23: Enter estimated fuel burn here: | G23: 23
E24: Fuel burn selected: | G24: =IF(OR(AND(ISNUMBER($G$23),ISNUMBER($H$23)),AND(ISNUMBER($G$23),ISNUMBER($I$23)),AND(ISNUMBER($H$23),ISNUMBER($I$23))),"Error",IF(ISNUMBER($G$23),$G$23,IF(ISNUMBER($H$23),ROUND($H$23/3.78541,1),ROUND($I$23/$G$26/3.78541,1)))) -> 23 | H24: =IF(OR(AND(ISNUMBER($G$23),ISNUMBER($H$23)),AND(ISNUMBER($G$23),ISNUMBER($I$23)),AND(ISNUMBER($H$23),ISNUMBER($I$23))),"Error",IF(ISNUMBER($H$23),$H$23,IF(ISNUMBER($G$23),ROUND($G$23*3.78541,0),ROUND($I$23/$G$26,0)))) -> 87 | I24: =IF(OR(AND(ISNUMBER($G$23),ISNUMBER($H$23)),AND(ISNUMBER($G$23),ISNUMBER($I$23)),AND(ISNUMBER($H$23),ISNUMBER($I$23))),"Error",IF(ISNUMBER($I$23),$I$23,IF(ISNUMBER($G$23),ROUND($G$23*3.78541*$G$26,0),ROUND($H$23*$G$26,0)))) -> 62
A25: Landing Fuel | B25: =$I$22-$I$24 -> 35 | C25: =48*25.4 -> 1219.2 | D25: =$B25*$C25 -> 42672
A26: Landing Weight | B26: =$B$25+$B$19 -> 1313 | C26: =$D$21/$B$21 -> 1140.8845 | D26: =$D$19+$D$25 -> 1493125.8 | E26: Fuel specific gravity (kg/l) | G26: 0.71
E27: Max TOW | G27: 1406
E28: Max Landing Weight | G28: 1338
A62: Notes:
A63: (1) Fuel burn must remain within the envelope at all times.
A64: =CONCATENATE("(2) Maximum takeoff weight is ",$G$27," kg.") -> (2) Maximum takeoff weight is 1406 kg.
A65: (3) Datum is firewall, front face, lower portion.
A66: (4) Unusable fuel and full engine oil is accounted for in Empty Weight.
A67: (5) This aircraft cannot be used in the utility category.
A68: (6) Maximum combined baggage in Areas A and B and C is 90.7kg.
A69: (7) Maximum combined baggage in Areas B and C is 36.3kg.
A70: =CONCATENATE("(8) Maximum landing weight is ",$G$28," kg.") -> (8) Maximum landing weight is 1338 kg.
A71: (9) Tabs is 64 US Gals (approx 243L).
A72: Sheet is protected but there is no password required.

Sheet YPB_Parms
A6: Loading Data
A7: =YPB!$B$9 -> 910 | B7: =YPB!$D$9 -> 887250 | C7: =B7/A7 -> 975
A8: =A7+ YPB!$B10 -> 998 | B8: =B7+YPB!D10 -> 969952.4 | C8: =B8/A8 -> 971.89619
A9: =A8+ YPB!$B11 -> 1086 | B9: =B8+YPB!D11 -> 1052654.8 | C9: =B9/A9 -> 969.2954
A10: =A9+ YPB!$B12 -> 1173 | B10: =B9+YPB!D12 -> 1216214.8 | C10: =B10/A10 -> 1036.8413
A11: =A10+ YPB!$B13 -> 1229 | B11: =B10+YPB!D13 -> 1321494.8 | C11: =B11/A11 -> 1075.2602
A12: =A11+ YPB!$B14 -> 1263 | B12: =B11+YPB!D14 -> 1405270.8 | C12: =B12/A12 -> 1112.6451
A13: =A12+ YPB!$B15 -> 1275 | B13: =B12+YPB!D15 -> 1440622.8 | C13: =B13/A13 -> 1129.9002
A14: =A13+ YPB!$B16 -> 1278 | B14: =B13+YPB!D16 -> 1450453.8 | C14: =B14/A14 -> 1134.9404
A16: Remaining Fuel
A17: =YPB!$B$19 -> 1278 | B17: =YPB!$D$19 -> 1450453.8 | C17: =B17/A17 -> 1134.9404
A18: =YPB!$B$26 -> 1313 | B18: =YPB!$D$26 -> 1493125.8 | C18: =B18/A18 -> 1137.1864
A21: Fuel Burn
A22: =YPB!$B$26 -> 1313 | B22: =YPB!$D$26 -> 1493125.8 | C22: =B22/A22 -> 1137.1864
A23: =YPB!$B$21 -> 1375 | B23: =YPB!$D$21 -> 1568716.2 | C23: =B23/A23 -> 1140.8845
A25: Envelope Data
A26: 816.5 | B26: 838
A27: 1011.5 | B27: 838
A28: 1224.7 | B28: 909
A29: 1406.1 | B29: 1036
A30: 1406.1 | B30: 1168
A31: 816.5 | B31: 1168
A32: 816.5 | B32: 838
A34: MLW data
A35: 1338 | B35: 986
A36: 1338 | B36: 1168
